{
	"tokenColors": "./Ariake Dark-color-theme.tmTheme",
	"colors": {
		"editor.lineHighlightBackground": "#65737e30",
		"editor.background": "#2a2d37", // 2b303b
		"editorCursor.foreground": "#c0c5ce",
		"editor.selectionBackground": "#4f5b66",
		"editor.foreground": "#c0c5ce",
		"editorWhitespace.foreground": "#65737e",
		"editorIndentGuide.background": "#3b5364",
		"sideBar.background": "#1c1f26", // 232830
		"activityBar.background": "#1c1f26",
		"sideBarSectionHeader.background": "#1c1f26",
		"editorGroupHeader.tabsBackground": "#1c1f26",
		"editorGroup.dropBackground": "#1c1f26",
		"tab.border": "#1c1f26",
		"tab.inactiveForeground": "#65737f",
		"tab.inactiveBackground": "#1c1f26",
		"statusBar.background": "#1c1f26",
		"statusBar.foreground": "#4f5b66",
		"statusBar.debuggingBackground": "#230000",
		"titleBar.inactiveBackground": "#1c1f26",
		"titleBar.activeBackground": "#1c1f26",
		"list.activeSelectionBackground": "#343d46",
		"list.inactiveSelectionBackground": "#343d46",
		"list.focusBackground": "#343d46",
		"list.hoverBackground": "#1c1f26",
		"input.background": "#1c1f26",
		"dropdown.background": "#1c1f26",
		"editorWidget.background": "#232830",
		"editorHoverWidget.background": "#232830",
		"editorHoverWidget.border": "#343d46"
	},
	"name": "Ariake Dark"
}
