{
    "$schema": "vscode://schemas/color-theme",
    "name": "Amethyst",
    "type": "dark",
    "include": "./dark_plus.json",
    "colors": {
        "activityBar.background": "#7d16bf",
        "activityBar.border": "#7d16bf",
        "activityBar.dropBackground": "#9039c7",
        "activityBar.foreground": "#fff",
        "activityBarBadge.background": "#4d057b",
        "activityBarBadge.foreground": "#e7e7e7",
        "badge.background": "#7d16bfa0",
        "button.background": "#7d16bf",
        "button.hoverBackground": "#9039c7",
        "contrastBorder": "#4d057b",
        "debugToolBar.background": "#4d057b",
        "diffEditor.insertedTextBackground": "#00ff0028",
        "diffEditor.removedTextBackground": "#ff000028",
        "dropdown.background": "#350354",
        "dropdown.border": "#350354",
        "dropdown.foreground": "#d4d4d4",
        "dropdown.listBackground": "#350354",
        "editor.background": "#160024",
        "editor.findMatchBackground": "#7d16bf",
        "editor.findMatchHighlightBackground": "#4d057be0",
        "editor.findRangeHighlightBackground": "#4d057b50",
        "editor.foreground": "#d4d4d4",
        "editor.hoverHighlightBackground": "#4d057b80",
        "editor.inactiveSelectionBackground": "#4d057b80",
        "editor.lineHighlightBackground": "#25013Cb0",
        "editor.lineHighlightBorder": "#25013C",
        "editor.rangeHighlightBackground": "#4d057ba0",
        "editor.selectionBackground": "#4d057b",
        "editor.selectionHighlightBackground": "#4d057be0",
        "editor.wordHighlightBackground": "#4d057b90",
        "editor.wordHighlightStrongBackground": "#4d057bb0",
        "editorBracketMatch.background": "#4d057b",
        "editorBracketMatch.border": "#7d16bfb0",
        "editorCodeLens.foreground": "#9e85add0",
        "editorCursor.foreground": "#b133ff",
        "editorGroup.border": "#4d057b",
        "editorGroup.dropBackground": "#9039c750",
        "editorGroup.emptyBackground": "#160024",
        "editorGroupHeader.noTabsBackground": "#25013c",
        "editorGroupHeader.tabsBackground": "#25013c",
        "editorGroupHeader.tabsBorder": "#25013c",
        "editorGutter.background": "#160024",
        "editorHoverWidget.background": "#350354",
        "editorHoverWidget.border": "#4d057b",
        "editorIndentGuide.activeBackground": "#9e85ad32",
        "editorIndentGuide.background": "#9e85ad00",
        "editorLineNumber.foreground": "#9e85ada0",
        "editorLink.activeForeground": "#ba7dd9",
        "editorMarkerNavigation.background": "#25013c",
        "editorMarkerNavigationError.background": "#ff5a5a",
        "editorMarkerNavigationWarning.background": "#5aac5a",
        "editorOverviewRuler.border": "#160024",
        "editorSuggestWidget.background": "#25013c",
        "editorSuggestWidget.border": "#4d057bb0",
        "editorSuggestWidget.selectedBackground": "#4d057b",
        "editorSuggestWidget.highlightForeground": "#ba74dc",
        "editorWhitespace.foreground": "#9e85ad32",
        "editorWidget.background": "#4d057b",
        "errorForeground": "#e86969",
        "focusBorder": "#4d057b",
        "foreground": "#d4d4d4",
        "input.background": "#350354",
        "input.border": "#350354",
        "input.foreground": "#d4d4d4",
        "input.placeholderForeground": "#d4d4d460",
        "inputOption.activeBorder": "#7d16bf",
        "list.activeSelectionBackground": "#4d057b",
        "list.activeSelectionForeground": "#d4d4d4",
        "list.dropBackground": "#4d057b80",
        "list.focusBackground": "#4d057b",
        "list.focusForeground": "#d4d4d4",
        "list.highlightForeground": "#ba74dc",
        "list.hoverBackground": "#4d057b80",
        "list.hoverForeground": "#d4d4d4a0",
        "list.inactiveFocusBackground": "#4d057b",
        "list.inactiveSelectionBackground": "#4d057b80",
        "list.inactiveSelectionForeground": "#d4d4d4",
        "list.invalidItemForeground": "#e86969",
        "menu.background": "#25013c",
        "menubar.selectionBackground": "#25013c",
        "menubar.selectionBorder": "#25013c",
        "notifications.background": "#4d057b",
        "panel.background": "#25013c",
        "panel.border": "#160024",
        "panelTitle.activeBorder": "#7d16bf",
        "panelTitle.inactiveForeground": "#e7e7e750",
        "panelTitle.activeForeground": "#e7e7e7",
        "peekView.border": "#4d057b",
        "peekViewTitle.background": "#4d057b",
        "peekViewResult.background": "#25013c",
        "peekViewEditor.background": "#25013c80",
        "peekViewEditor.matchHighlightBackground": "#4d057be0",
        "peekViewEditorGutter.background": "#25013c80",
        "peekViewResult.matchHighlightBackground": "#4d057be0",
        "peekViewResult.selectionBackground": "#4d057b",
        "pickerGroup.border": "#4d057b",
        "pickerGroup.foreground": "#b884d2",
        "progressBar.background": "#9039c7",
        "scrollbar.shadow": "#160024",
        "scrollbarSlider.activeBackground": "#7d16bfa0",
        "scrollbarSlider.background": "#7d16bf50",
        "scrollbarSlider.hoverBackground": "#7d16bf80",
        "selection.background": "#9039c7",
        "settings.checkboxBackground": "#350354",
        "settings.checkboxBorder": "#350354",
        "settings.dropdownBackground": "#350354",
        "settings.dropdownBorder": "#350354",
        "settings.headerForeground": "#d4d4d4",
        "settings.numberInputBackground": "#350354",
        "settings.numberInputBorder": "#350354",
        "settings.textInputBackground": "#350354",
        "settings.textInputBorder": "#350354",
        "settings.inactiveSelectedItemBorder": "#160024",
        "settings.modifiedItemForeground": "#ba74dc",
        "sideBar.background": "#25013c",
        "sideBarSectionHeader.background": "#4d057b",
        "statusBar.background": "#7d16bf",
        "statusBar.border": "#7d16bf",
        "statusBar.debuggingBackground": "#9716bf",
        "statusBar.debuggingBorder": "#9716bf",
        "statusBar.noFolderBackground": "#7d16bf",
        "tab.activeBackground": "#7d16bf",
        "tab.activeBorder": "#b133ff",
        "tab.unfocusedActiveBorder": "#9039c7",
        "tab.border": "#4d057b",
        "tab.inactiveBackground": "#4d057b",
        "tab.inactiveForeground": "#ffffff80",
        "tab.unfocusedInactiveForeground": "#ffffff66",
        "tab.unfocusedActiveForeground": "#ffffff80",
        "terminal.background": "#160024",
        "terminal.foreground": "#d4d4d4",
        "textBlockQuote.background": "#d4d4d41a",
        "textBlockQuote.border": "#d4d4d440",
        "textCodeBlock.background": "#d4d4d41a",
        "textLink.activeForeground": "#ba7dd9",
        "textLink.foreground": "#ba7dd9",
        "titleBar.activeBackground": "#7d16bf",
        "titleBar.inactiveBackground": "#4d057b",
        "widget.shadow": "#000000a0"
    }
}
