{
    "$schema": "vscode://schemas/color-theme",
    "name": "Amethyst Dark (Higher Contrast)",
    "type": "dark",
    "include": "./dark-amethyst-theme.json",
    "colors": {
        "contrastBorder": "#4d057ba0",
        "editor.lineHighlightBackground": "#2c0146e0",
        "editor.lineHighlightBorder": "#2c0146",
        "editorGroup.border": "#4d057ba0",
        "editorMarkerNavigation.background": "#2c0146",
        "editorSuggestWidget.background": "#2c0146",
        "list.inactiveFocusBackground": "#2c0146",
        "list.inactiveSelectionBackground": "#2c0146",
        "panel.border": "#4d057ba0",
        "peekViewResult.background": "#2c0146",
        "peekViewEditor.background": "#2c014680",
        "peekViewEditorGutter.background": "#2c014680",
        "scrollbarSlider.activeBackground": "#7d16bfc0",
        "scrollbarSlider.background": "#7d16bf60",
        "scrollbarSlider.hoverBackground": "#7d16bf90",
        "sideBar.border": "#4d057ba0"
    }
}