{
    "$schema": "vscode://schemas/color-theme",
    "name": "Amethyst Dark",
    "type": "dark",
    "include": "./dark_plus.json",
    "colors": {
        "activityBar.background": "#120024",
        "activityBar.border": "#120024",
        "activityBar.dropBackground": "#9039c7",
        "activityBar.foreground": "#e9d9f280",
        "activityBarBadge.background": "#4d057b",
        "activityBarBadge.foreground": "#ede4f1",
        "badge.background": "#7d16bfa0",
        "button.background": "#7d16bf",
        "button.hoverBackground": "#9039c7",
        "contrastBorder": "#4d057b60",
        "debugToolBar.background": "#4d057b",
        "diffEditor.insertedTextBackground": "#00ff0028",
        "diffEditor.removedTextBackground": "#ff000028",
        "dropdown.background": "#17002e",
        "dropdown.border": "#ede4f125",
        "dropdown.foreground": "#ede4f1",
        "dropdown.listBackground": "#17002e",
        "editor.background": "#120024",
        "editor.findMatchBackground": "#7d16bf",
        "editor.findMatchHighlightBackground": "#4d057be0",
        "editor.findRangeHighlightBackground": "#4d057b80",
        "editor.foreground": "#ede4f1",
        "editor.hoverHighlightBackground": "#4d057b80",
        "editor.inactiveSelectionBackground": "#4d057b80",
        "editor.lineHighlightBackground": "#25013Cb0",
        "editor.lineHighlightBorder": "#25013C",
        "editor.rangeHighlightBackground": "#4d057ba0",
        "editor.selectionBackground": "#4d057b",
        "editor.selectionHighlightBackground": "#4d057be0",
        "editor.wordHighlightBackground": "#4d057b90",
        "editor.wordHighlightStrongBackground": "#4d057bb0",
        "editorBracketMatch.background": "#4d057b",
        "editorBracketMatch.border": "#7d16bfb0",
        "editorCodeLens.foreground": "#9e85add0",
        "editorCursor.foreground": "#b133ff",
        "editorGroup.border": "#4d057b60",
        "editorGroup.dropBackground": "#9039c750",
        "editorGroup.emptyBackground": "#120024",
        "editorGroupHeader.noTabsBackground": "#120024",
        "editorGroupHeader.tabsBackground": "#120024",
        "editorGroupHeader.tabsBorder": "#120024",
        "editorGutter.background": "#120024",
        "editorHoverWidget.background": "#350354",
        "editorHoverWidget.border": "#4d057b",
        "editorIndentGuide.activeBackground": "#9e85ad32",
        "editorIndentGuide.background": "#9e85ad00",
        "editorLineNumber.foreground": "#9e85ada0",
        "editorLink.activeForeground": "#ba7dd9",
        "editorMarkerNavigation.background": "#25013c",
        "editorMarkerNavigationError.background": "#ff5a5a",
        "editorMarkerNavigationWarning.background": "#5aac5a",
        "editorOverviewRuler.border": "#120024",
        "editorSuggestWidget.background": "#25013c",
        "editorSuggestWidget.border": "#4d057bb0",
        "editorSuggestWidget.selectedBackground": "#4d057b",
        "editorSuggestWidget.highlightForeground": "#ba74dc",
        "editorWhitespace.foreground": "#9e85ad32",
        "editorWidget.background": "#330654",
        "errorForeground": "#e86969",
        "focusBorder": "#ede4f135",
        "foreground": "#ede4f1",
        "input.background": "#17002e",
        "input.border": "#ede4f125",
        "input.foreground": "#ede4f1",
        "input.placeholderForeground": "#ede4f160",
        "inputOption.activeBorder": "#ede4f152",
        "list.activeSelectionBackground": "#4d057b80",
        "list.activeSelectionForeground": "#ede4f1",
        "list.dropBackground": "#4d057b80",
        "list.focusBackground": "#4d057b80",
        "list.focusForeground": "#ede4f1",
        "list.highlightForeground": "#ba74dc",
        "list.hoverBackground": "#4d057b80",
        "list.hoverForeground": "#ede4f1a0",
        "list.inactiveFocusBackground": "#25013c",
        "list.inactiveSelectionBackground": "#25013c",
        "list.inactiveSelectionForeground": "#ede4f1",
        "list.invalidItemForeground": "#e86969",
        "menu.background": "#17002e",
        "menubar.selectionBackground": "#4d057b80",
        "menubar.selectionBorder": "#4d057b80",
        "menubar.selectionForeground": "#ede4f1",
        "menu.selectionBackground": "#4d057b80",
        "notifications.background": "#450470",
        "panel.background": "#120024",
        "panel.border": "#4d057b60",
        "panelTitle.activeBorder": "#b133ff80",
        "panelTitle.inactiveForeground": "#ede4f160",
        "panelTitle.activeForeground": "#ede4f1e0",
        "peekView.border": "#330654",
        "peekViewTitle.background": "#330654",
        "peekViewResult.background": "#25013c",
        "peekViewEditor.background": "#25013c80",
        "peekViewEditor.matchHighlightBackground": "#4d057bb0",
        "peekViewEditorGutter.background": "#25013c80",
        "peekViewResult.matchHighlightBackground": "#4d057be0",
        "peekViewResult.selectionBackground": "#330654",
        "pickerGroup.border": "#350354",
        "pickerGroup.foreground": "#b884d2",
        "progressBar.background": "#9039c7",
        "scrollbar.shadow": "#120024",
        "scrollbarSlider.activeBackground": "#7d16bfa0",
        "scrollbarSlider.background": "#7d16bf40",
        "scrollbarSlider.hoverBackground": "#7d16bf70",
        "selection.background": "#7d16bf",
        "settings.checkboxBackground": "#17002e",
        "settings.checkboxBorder": "#ede4f125",
        "settings.dropdownBackground": "#17002e",
        "settings.dropdownBorder": "#ede4f125",
        "settings.headerForeground": "#ede4f1",
        "settings.numberInputBackground": "#17002e",
        "settings.numberInputBorder": "#ede4f125",
        "settings.textInputBackground": "#17002e",
        "settings.textInputBorder": "#ede4f125",
        "settings.inactiveSelectedItemBorder": "#120024",
        "settings.modifiedItemForeground": "#ba74dc",
        "sideBar.background": "#120024",
        "sideBar.border": "#4d057b60",
        "sideBar.foreground": "#ede4f1b0",
        "sideBarSectionHeader.background": "#120024",
        "sideBarSectionHeader.foreground": "#ede4f1e0",
        "sideBarTitle.foreground": "#ede4f1e0",
        "statusBar.background": "#120024",
        "statusBar.border": "#120024",
        "statusBar.foreground": "#e9d9f280",
        "statusBar.debuggingBackground": "#4d057b60",
        "statusBar.debuggingBorder": "#120024",
        "statusBar.debuggingForeground": "#e9d9f290",
        "statusBar.noFolderBackground": "#120024",
        "tab.activeBackground": "#7d16bf50",
        "tab.activeForeground": "#fffffff0",
        "tab.activeBorder": "#b133ff80",
        "tab.border": "#120024",
        "tab.hoverBorder": "#b133ff80",
        "tab.inactiveBackground": "#120024",
        "tab.inactiveForeground": "#ffffff80",
        "tab.unfocusedActiveBorder": "#120024",
        "tab.unfocusedHoverBorder": "#b133ff80",
        "tab.unfocusedActiveForeground": "#ffffff80",
        "tab.unfocusedInactiveForeground": "#ffffff66",
        "terminal.background": "#120024",
        "terminal.foreground": "#ede4f1e0",
        "textBlockQuote.background": "#d4d4d41a",
        "textBlockQuote.border": "#d4d4d440",
        "textCodeBlock.background": "#d4d4d41a",
        "textLink.activeForeground": "#ba7dd9",
        "textLink.foreground": "#ba7dd9",
        "titleBar.activeBackground": "#120024",
        "titleBar.inactiveBackground": "#120024",
        "widget.shadow": "#7d16bf10"
    }
}
